id	Adipocyte:mean	Adipocyte:percent_expressed	Endo:mean	Endo:percent_expressed	Erythrocyte:mean	Erythrocyte:percent_expressed	FAP:mean	FAP:percent_expressed	Fibroblast-like:mean	Fibroblast-like:percent_expressed	Lymphocyte:mean	Lymphocyte:percent_expressed	Mast cell:mean	Mast cell:percent_expressed	MuSC:mean	MuSC:percent_expressed	Myeloid cell:mean	Myeloid cell:percent_expressed	Pericyte:mean	Pericyte:percent_expressed	Schwann cell:mean	Schwann cell:percent_expressed	SMC:mean	SMC:percent_expressed	Specialized MF:mean	Specialized MF:percent_expressed	Type I:mean	Type I:percent_expressed	Type II:mean	Type II:percent_expressed
PDE3B	2.931330561390042	86.07068607068608	0.027842166417176864	1.7092177207560166	0.08736363595182245	5.454545454545454	0.022554884268474303	1.5954731109598366	0.020100853979498883	1.611345106070559	0.44264587333461736	21.280405909565737	0.024154078744329354	1.3595166163141994	0.02687697420190141	1.7899084797926623	0.2593017631098106	15.510992993476686	0.02817104268883371	1.8454613653413352	0.1574716991973373	8.30188679245283	0.011777056761883807	0.8780301584271807	0.054107337954058095	3.8833319324199382	0.05400315324094217	4.64119429458281	0.060923677728289834	4.653893949118518
PLIN1	2.2679937616331416	82.01663201663202	0.0028854350429460512	0.18943470960520084	0.0074999998916279184	0.45454545454545453	0.003430479932056551	0.28080326752893126	0.005247497941847079	0.5100660767417597	0.002986121508563175	0.2089240411878824	0	0	0.006403984748912628	0.42925406981452985	0.006863976797927373	0.5073689296931626	0.006112528079806283	0.43510877719429863	0.04245283018867924	2.2641509433962264	0.002710440881745145	0.19087612139721322	0.02687904513878232	2.0635454316214172	0.03362427014717854	3.0054442884241124	0.02649141729403425	2.1630774693086074
ACACB	3.283898133559931	90.74844074844076	0.4405769146877812	26.11185258535325	0.7915909091180021	40	0.17657079637265233	13.444520081688225	0.14286216622858133	10.421577340700955	0.10732427999486213	7.207879420981943	0.18333836813707727	9.516616314199396	0.2866250907647288	18.174455333279337	0.137871466360142	9.833293065957962	0.3174388598877062	18.994748687171793	0.5416603758650006	26.60377358490566	0.20111853393702409	13.113189539988548	1.1252113971106144	54.824745734218716	1.4317813406410724	72.4829404084448	1.4279678809302907	68.5124745660872
EBF1	2.8313097732602435	83.57588357588358	0.5594820675539612	31.859473888147416	0.9159090906381607	42.27272727272727	1.3878050533467567	68.95847515316542	1.1338641365469735	62.023262104408985	0.04369944777356931	3.4621698253991946	0.11028700900401954	7.854984894259818	0.05945168875113783	4.835182635458006	0.08389466076029055	6.668277361681565	1.1896999244325963	55.75393848462116	0.11275471617590706	6.037735849056604	0.7839702221700585	45.63848062607368	0.027614104345840416	2.1770194166596624	0.015222328964026055	1.4362082132387357	0.02197612969243166	1.7889087656529516
SOX5	2.5382432482222756	79.72972972972973	0.11222327465810013	6.165238730787446	0.22618181976405058	12.272727272727273	0.529564329237253	28.654697072838665	0.4588882873964308	24.552726148614706	0.03180868500156236	2.507088494254589	0.02948640507513663	1.9637462235649545	0.12789422511991685	7.791366323803353	0.39471853044046945	20.947088668760568	0.9576579138066477	41.42535633908477	0.3686415095374269	17.735849056603772	0.665275815966066	31.780874212636	0.049401950061611216	4.333025132386316	0.040499223976684214	4.64119429458281	0.05140832179133026	5.008944543828265
AQP7	2.167182952599317	77.13097713097713	0.13191845677027983	8.968011366082576	0.08709090948104858	4.545454545454546	0.006752893111844141	0.6381892443839347	0.01001507014933277	0.8114687584527996	0.014154603742891382	1.1938516639307566	0.024154078654292126	1.5105740181268883	0.011273183745006285	0.8099133392726977	0.018400579881742974	1.5100265764677459	0.028139534823467923	2.1605401350337585	0.06920754695838352	3.9622641509433962	0.11036648210347848	8.55125023859515	0.25340632083492676	15.260149617550642	0.4129989157416993	27.423447392407557	0.027190866947231454	1.7602316022340876
PPARG	2.2738981278857175	75.57172557172557	0.5053446417388213	28.419511775089333	0.8609090913425792	39.09090909090909	0.1212474471699875	8.649591558883595	0.08800455959057245	7.457784303875729	0.033090583380790385	2.2235487240710343	0.01287009078570363	1.2084592145015105	0.017217137718141307	1.4092492103344942	0.3013046623413964	18.482725295965206	0.22202550635155394	13.488372093023257	0.14871698044381051	7.735849056603773	0.09860660428990843	7.558694407329643	0.01390518614629482	1.2776330167269059	0.011445446250270521	1.3918655925898555	0.013316172540813966	1.3669447896325226
TMEM132C	1.9323908519967925	74.01247401247402	0.023331467719818304	1.5843630257889527	0.057363635572520166	4.090909090909091	0.16616448265778686	11.334240980258679	0.05000734185733955	3.6245604544225047	0.012533950213709262	1.0147739143411432	0.0032628400088076867	0.1510574018126888	0.019470316652461104	1.457844010690856	0.018363131140004353	1.6791495530321332	0.021963991073853793	1.485371342835709	0.2414528308049688	13.20754716981132	0.014579118132921183	1.0689062798243938	0.02066529377235944	1.954274186769774	0.026143546916087047	3.021456901436208	0.02354545328828629	2.4075161479741634
GPAM	2.224542623807883	72.97297297297297	0.04265768291151939	3.229000731906832	0.013136363571340388	0.9090909090909091	0.06629594962808086	5.411844792375766	0.0616739439887828	5.815526102245064	0.026316967558067356	1.7907774958961349	0.023987915760800917	1.812688821752266	0.06186199069235541	4.657001700818012	0.03162962074051102	2.5730852863010387	0.04680720176897099	3.4358589647411857	0.044037736136958286	2.4528301886792456	0.0480855123576692	3.8175224279442643	0.04489072865913062	3.542909977305203	0.05490392424992882	4.785307811691672	0.03156563654711576	2.718868207950402
FRMD4A	2.019885655190494	75.15592515592515	0.7351259308647708	40.05683041288156	1.211090907860886	51.81818181818182	0.33607300846039273	23.081177671885637	0.24262452170692136	17.438850032845163	0.07518430071310434	5.118639009103119	0.07383685770621833	5.287009063444108	0.547097269843018	30.363651089333445	0.9267310941347496	47.0645083353467	0.4084036004471761	22.88072018004501	0.477358488541729	22.07547169811321	0.5752853600777249	33.441496468791755	0.054471295293521696	5.043288223921997	0.05958182441379809	6.939620131549774	0.05392795200916297	5.833754386923213
PECAM1	0.0278794180346254	2.2869022869022873	2.4599126019820354	88.34976535928016	1.8854999929666518	74.54545454545455	0.11334538780066576	9.819605173587474	0.09687584513358803	9.038216314386181	0.16393374142549302	10.028353977018355	0.18478851979232627	12.688821752265861	0.10164655368366907	8.244917793796064	0.7453817336937747	45.324957719255856	0.21609152289860606	13.623405851462866	0.11116981123978237	5.660377358490567	0.1308322196346723	10.059171597633137	0.03214423800538763	2.8452551063293265	0.014668046199468087	1.9128913852141993	0.014983681339248763	1.6427917901377869
VWF	0.03160083185486387	2.182952182952183	2.1576604810831452	86.41236492013606	2.0277272750030866	77.27272727272727	0.08466686521077667	7.454050374404357	0.07089068348456849	6.5844893543027165	0.0799313536490047	5.252947321295329	0.09883685810688399	6.797583081570997	0.0767263301453668	6.374017980076132	0.12042884736322541	9.845373278569703	0.17981545349662678	12.018004501125281	0.12216981132075472	6.7924528301886795	0.09490169884822232	7.673220080167971	0.032103471414120226	2.8872825081953435	0.018076022951656875	2.2380706033059887	0.016552868402773913	1.7834464488112631
SPARCL1	0.14837837837280207	7.380457380457381	3.4785038982666574	91.3548887071081	2.2408636358651246	79.0909090909091	2.791232984693096	90.03999319264805	1.997976738565271	78.22172417790486	0.34783017385232323	18.28085360393971	0.7216918441464173	38.972809667673715	2.5462444337952173	84.48206041953512	0.4697028270957028	25.98453732785697	3.0216144079385803	85.82145536384095	0.6875283023658788	30.18867924528302	3.57979767645778	92.28860469555259	0.10268092785306783	7.434647390098344	0.022472470625046564	1.920281821989013	0.026618143078098722	2.369279930082344
HLA-B	0.18171517695000167	11.226611226611228	2.997854225903027	88.27226934171438	1.4316818204793063	62.272727272727266	1.2400204215073227	66.34189925119128	1.3942119088348508	72.27868155647437	3.337597376876688	92.97119832860767	1.8020845907332315	79.45619335347432	1.308302420874477	64.26662347128857	1.7649589281778502	67.23846339695578	1.682409602224782	67.72693173293324	0.36298113127924364	17.735849056603772	1.2074193540284324	64.53521664439779	0.11205345883815504	8.081869378835	0.017656246150280067	1.9375261744635774	0.019149107593979885	2.0388097611601963
A2M	0.04855509350180874	3.5343035343035343	2.2474249798408206	83.99276703836053	1.5591818197207017	63.63636363636363	0.31118830817278	22.93226684819605	0.24607751433542846	20.108968661849374	0.1842202653597227	12.311595284285927	0.2323111790904826	16.012084592145015	0.1316659915094046	10.42358467643962	0.7070270598845569	42.72771200773134	1.5846436607372645	71.55288822205551	0.15498113159863455	8.11320754716981	1.7092174071236226	80.45428516892537	0.09078339076372151	7.985206354543162	0.0681608897269448	7.7180794718301176	0.037241939682693105	4.21281186415218
HLA-E	0.2375363816590418	13.721413721413722	2.8380707828475167	86.4381969259913	1.202681816978888	55.00000000000001	1.8271090022425838	77.82505105513955	1.5555778807924139	76.10031299509255	2.273478586528572	83.74869422474256	1.7477039222090627	78.54984894259819	1.5553162711114839	65.65157528144489	1.3046086010120146	61.00507368929693	1.3601470360877543	57.65941485371343	0.16543396092810722	8.49056603773585	1.4155659467141166	68.58179041801871	0.07845086993763424	6.001512986467176	0.014765969474680146	1.5236617150740275	0.018715672745975524	1.9036174193284083
B2M	0.29833679873953245	15.176715176715177	3.712347699387878	89.02570284582598	1.6102727212689139	66.81818181818183	2.587744640446917	84.52178352620831	2.8000761254111297	85.9693187526566	3.858586781057132	92.79212057901806	3.425256798454642	88.82175226586104	2.267021950390279	77.97845630517534	2.3286349387807035	72.79536119835709	2.2500405124157377	71.35783945986496	0.5313584920370353	23.58490566037736	2.7548558896997317	85.03531208245847	0.3772455239687276	20.91283516852988	0.09031704968898303	9.671618259305792	0.0999673625766176	9.494872250064864
EMCN	0.0455509352956641	3.0145530145530146	1.7886640541202548	78.67567916648727	1.8304090922529048	69.0909090909091	0.052722089842768285	4.692818243703199	0.04373121058108509	4.076664476989064	0.056655723100686284	3.999403074168035	0.07743202397470388	4.833836858006042	0.05475014172517945	4.551712966712562	0.07891882073802918	6.583715873399372	0.5283855965194717	29.767441860465116	0.1097169818180912	5.849056603773585	0.06727428879076161	5.268180950563084	0.0351349079779948	2.9797427923005797	0.025222205798082306	2.853940334540438	0.027339988223945143	2.7489109505796883
CD74	0.057692307506430424	3.7422037422037424	2.7580324639807823	78.11598570629009	0.7779545485973358	35.45454545454545	0.4711912863983261	31.8711708645337	0.39183198688142606	29.000347772325053	0.8044336667533705	39.26279659752276	0.557311178199114	34.894259818731115	0.25881266680661436	18.806187737912044	1.8131070311200823	66.1754046871225	0.4712003000119711	26.18154538634659	0.10762264098761216	5.849056603773585	0.3521568997713145	24.355793090284404	0.04822392193151979	4.009414138017988	0.005684723969406419	0.7624467272682481	0.00895355662205866	1.0077974572915103
PTPRB	0.02841995808290097	1.6632016632016633	1.7477470183745107	77.42713221681664	2.281590913100676	79.54545454545455	0.036388274272786514	3.212219196732471	0.029977974434988848	2.7821786004095985	0.04139531400110842	2.939859722429488	0.1281268882067182	9.818731117824774	0.041056936881175704	3.3854377581598767	0.054129016597573666	4.650881855520657	0.10660315069236527	7.261815453863465	0.06896226383605093	3.5849056603773586	0.04216262662335647	3.4166825730101165	0.01366773133051138	1.2187946541144827	0.007105042733949698	0.7846180375926884	0.008749812211902443	0.8671427986180338
HBE1	0.032255717473813256	2.182952182952183	0.0014745769867901344	0.14207603220390064	1.9947727249427276	100	0.0005879850323971962	0.08934649421375085	0.0010657289687897792	0.1352447930754666	0.006184151663279964	0.4327712281748993	0	0	0.0005369725387241422	0.05669393374908885	0.006572843681616782	0.5677699927518725	0.015276819243971245	0.9002250562640659	0.012396226289137354	0.7547169811320755	0.002637907996344234	0.15270089711777055	0.001070017658356905	0.21854248970328655	0.0005657379379991041	0.1650530879708324	0.0005120922051292106	0.18844993103824986
HBG2	0.029438669462213893	2.079002079002079	0.003656950967271929	0.3099840702630559	1.9891363615339452	100	0.0016205752264629666	0.17443839346494214	0.0026581397776653634	0.29753854476602654	0.006840769968145268	0.4775406655723026	0	0	0.0026378877309495025	0.2267757349963554	0.007521140354717662	0.6523314810340662	0.017357839593651236	1.0652663165791447	0.025716981123078544	1.509433962264151	0.004309982795209278	0.2863141820958198	0.0025712364313550495	0.34042195511473483	0.0012201611150154412	0.2759096395930333	0.0010818118514466732	0.2785781589261085
AC104389.5	0.15864864741442358	9.355509355509357	0.09297326380506356	5.446247901149524	2.1769545452161267	99.54545454545455	0.05830454384721689	4.10568413886998	0.04281772867808446	3.0140268171103983	0.057110878900349486	3.4323235338009255	0.011978851884513463	0.906344410876133	0.05254636754041125	3.5474204260144164	0.07452162347084142	5.472336313119111	0.08270367578018543	4.77119279819955	0.16549056453524896	8.679245283018867	0.031315136493947536	1.8324107654132469	0.022485080226924532	2.0257207699420023	0.03277523216935969	3.4821274603995764	0.022122110062987692	2.3583552963989676
OR51B5	0.02758835748674468	1.7671517671517671	0.0018069488172222775	0.18082404098678262	1.8814545436338945	94.0909090909091	0.0010279101389983301	0.10636487406398912	0.0008485644734473762	0.10819583446037327	0.005135054473395918	0.3432323533800925	0.0007099697867188929	0.1510574018126888	0.0005061958322179765	0.032396533570907916	0.006150036278007744	0.5194491423049046	0.013231807978459078	0.7201800450112529	0.00945283017068539	0.5660377358490566	0.0017426989646921816	0.09543806069860661	0.0010540472380982894	0.20593426914348156	0.000512280441888349	0.15889439065848793	0.00045323574028807565	0.16113834682980785
LDB2	0.14549895978519178	8.419958419958421	1.6259852757767814	70.49123864468076	2.7145000024275348	88.18181818181819	0.23403080317608307	16.316371681415927	0.16875536118248727	12.253178252637273	0.0718206235961876	4.4172511565437995	0.043217522860293664	3.474320241691843	0.05028508950697369	4.041467562970762	0.062448659074258964	5.448175887895626	0.39847711907323824	22.685671417854465	0.21077358548371297	11.132075471698114	0.10696888681039667	7.3296430616529875	0.027420358056767884	2.3871564259897453	0.0184733820887332	2.038528810386027	0.026404156796775113	2.4471179450764042
PTPRM	1.2854573815255552	59.87525987525988	1.707463727824917	71.7828389374435	3.010136363452131	92.72727272727272	0.32294673233821103	22.396187882913544	0.33999999948031634	24.162448317168362	0.20716758643872807	11.998209222504103	0.20779456166702454	11.63141993957704	0.18662914070235512	12.318781890337734	0.6324969798643308	34.3682048804059	0.47472918207763465	26.09152288072018	0.6481320739917036	31.32075471698113	0.21409047509473025	13.72399312845963	1.029500293526011	52.034126250315204	1.3422971934498282	70.27443155223807	1.2404700317515895	64.16310478089282
MECOM	0.12332640351290018	7.900207900207901	1.2032104876903957	54.87148577087011	2.140909086032347	75.45454545454545	0.0688163716920732	5.071477195371001	0.038264229657030066	3.2033695274160516	0.03150425297054554	2.387703327861513	0.028685800551107643	2.1148036253776437	0.045975540562253676	3.450230825301693	0.04315051931539547	3.9864701618748493	0.07512078029169951	5.461365341335334	0.15554717003174548	8.30188679245283	0.036814277557544885	2.7104409238404275	0.02603639570268611	2.328318063377322	0.020174783794118738	2.4006602123518834	0.02294309629926401	2.3747422469240327
ANO2	0.016133055998992153	1.0395010395010396	0.7022912987052904	31.536573814956732	1.9786818198182365	72.72727272727273	0.014506466962191688	1.3401974132062626	0.016101085715083095	1.4297306696549326	0.013675570808192044	1.0893896433368153	0.005211480254493091	0.3021148036253776	0.03101968089474776	2.583623552279906	0.017568253190869812	1.5825078521381974	0.027218304441463472	1.9054763690922731	0.07749056624916364	4.150943396226415	0.013863332650661014	0.9734682191257874	0.012616626055020489	1.1305371101958477	0.013533737313844722	1.5002586652871184	0.015515847525815417	1.616845785139767
DCN	0.20505197571199427	7.380457380457381	0.9919709810192321	49.722305937056014	0.11331818225708874	7.727272727272727	4.552706774255708	98.01735874744725	4.451798756365508	95.94652034468102	0.5654230709747091	29.60752126548276	1.3909818693050084	63.59516616314199	0.7242415156318013	42.02640317486029	0.77473302764355	40.10630587098333	0.9519339833933992	46.481620405101275	0.11639622649494206	5.849056603773585	0.9254876885024145	51.70834128650505	0.15278809753204256	10.826258720685887	0.019929667669623848	2.1185918754465054	0.031051905648420516	3.194089773177293
COL6A3	0.3232952178051219	17.35966735966736	0.3207043527282716	22.512593102854435	0.027000000260092995	2.272727272727273	3.224696651354706	97.06858407079646	3.1408392935789755	94.8993392325824	0.19925384248922767	13.311446052827936	0.5492900299341656	31.570996978851962	0.22223536066383284	16.578926054912124	0.2973363128062999	21.51485866151244	0.7911447859758376	41.42535633908477	0.06913207488239936	4.150943396226415	0.3186104218680842	23.439587707577783	0.050666134280388325	4.026225098764394	0.008255610587685406	0.8720715394279802	0.012707670465423882	1.4051810075243416
GSN	1.347723493890802	55.4054054054054	1.8378438881388748	76.85452275369182	1.0298181796615773	48.18181818181818	3.7609849433605467	95.38801906058542	3.084608371415137	91.41002357123537	0.2901134154050675	18.325623041337114	0.8883081562479457	49.39577039274924	0.9786612127506367	56.321373613023404	0.745147378139799	44.443102198598694	1.6602085518148368	71.89797449362341	0.4135094344615936	19.622641509433965	1.8860145067356315	83.62282878411911	0.33783474790090967	22.022358577792723	0.15627250981811058	16.076663464144065	0.11700897171161319	11.782217427521884
CFD	0.6805925182456039	32.74428274428274	0.6871093980148906	39.83725836311189	0.13009090789339758	9.545454545454547	3.9171898414205235	92.26089176310414	3.565142781487767	90.30101626801654	0.34330995311387136	20.534248619609013	0.9460120816627838	48.94259818731118	0.587698225688358	36.24362193245323	0.7112031889997025	39.611017153901905	0.5893548387092302	34.208552138034506	0.10260377417336095	5.849056603773585	0.6601794232610961	42.05000954380607	0.13238127258107363	10.031940825418173	0.02359778779898324	2.8724164264774714	0.03659342605517404	3.8331808436548362
LAMA2	0.5570997909454942	31.08108108108108	0.34982175898038964	21.05739010634176	0.5749545452269641	27.27272727272727	2.8477365558116188	95.77518720217836	1.9044808526833084	83.67402140731868	0.12419937300269122	8.685270855096254	0.2306646530001545	15.55891238670695	2.039128533556286	82.14141086903702	0.1548779896352693	12.90166706934042	0.2124186044400984	13.56339084771193	0.4136981153825544	20.18867924528302	0.12590761584896218	10.154609658331742	0.43462343407862	25.78801378498781	0.36765070302550074	26.610499347178084	0.4158203714440593	27.490475085007304
LAMC1	0.9882016611322296	47.4012474012474	0.6768200793363093	41.00400396090757	0.35872727361592377	17.727272727272727	2.4124476685257816	92.74166099387338	1.8385741325048728	84.29614745546581	0.093905387248651	6.89449335920012	0.2619486393975347	16.76737160120846	0.6938349397267235	43.86490645500931	0.1883160182173398	15.41435129258275	0.6795903970134589	40.82520630157539	0.22790566109261423	12.641509433962264	0.6765088750777251	45.69574346249284	0.3302912495879559	21.77019416659662	0.41687655480831787	30.255216416623554	0.37243714883468126	26.0320364882765
COL1A2	0.16458420051172717	6.964656964656965	0.41594781899928107	27.63163559650407	0.09968181902712042	7.727272727272727	2.7995843273340904	92.40554799183118	3.455846442123797	93.04841763592103	0.3149052378515146	19.68362930905835	0.8466465251683468	45.468277945619334	1.2172641119991148	58.20847169352879	0.43020777946811034	29.934766851896594	1.2562955727366156	57.22430607651913	0.08962264139697237	4.716981132075472	0.8096755104973886	49.03607558694407	0.09098133964117591	7.190888459275448	0.01721380532035748	1.9387579139260462	0.023872509508383696	2.6314711384833878
C1S	0.3903222439303344	22.55717255717256	0.26838205509430196	19.468721746243595	0.1703181811354377	10	2.5726067903644987	90.67818243703199	2.5551539863414385	90.4053479655319	0.19824653028899245	13.818833009998507	0.44040785752394407	26.586102719033235	0.5109435485989263	33.4737183121406	0.27954215984985026	22.215510992993476	0.8255648901206787	43.675918979744935	0.16684905684219217	9.433962264150944	0.3743538842910709	26.169116243557934	0.3026510883347196	21.299487265697234	0.30690242143649465	26.09193703347868	0.29846345006670344	23.397834191372272
FBLN2	0.2839708930489427	17.255717255717258	0.33535884953684036	22.323158393249233	0.15290909192778848	8.636363636363637	2.2093235188201223	88.12542545949626	1.7769979514226815	81.8308280845473	0.07017161616205796	5.223101029697061	0.21516616268820632	15.105740181268882	0.09681461072825798	8.261116060581518	0.11467021026548001	9.881613916404929	0.12057164272730814	9.272318079519879	0.06979245251079776	3.5849056603773586	0.1114945600371389	9.601068906279824	0.02506640328381972	2.1139783138606374	0.0044274874830600285	0.509940137462124	0.007757445823752075	0.7742834123093311
APOD	0.1312162169795522	5.717255717255718	0.8285478106492785	44.534378094459036	0.08599999980493025	5.454545454545454	4.056254256204775	89.61027910142954	2.600899571772037	79.14525290776305	0.34510968471858516	19.877630204447097	0.8999697862254888	46.37462235649547	0.5115210168741597	32.518020571798814	0.42951679125533504	26.47982604493839	1.2149812451092175	51.77794448612153	0.10960377361976875	5.660377358490567	0.7105898073483148	44.64592479480817	0.13071404548298177	9.935277801126334	0.024934964144487107	3.568349222772399	0.02992025014686035	3.6706769176146063
C1R	0.19743243198291924	9.97920997920998	0.41028544315287613	27.269987514530502	0.06240909099578858	4.545454545454546	2.764056758190536	88.95507147719537	2.873036054906348	89.51273233123382	0.21667661535537094	14.29637367557081	0.5763595158239866	33.383685800604226	1.1123195916662876	53.316595124321694	0.2995349114806209	22.022227591205606	1.2064741177256628	52.783195798949734	0.08122641497625495	4.905660377358491	0.5595476234214045	33.441496468791755	0.0769513324274924	6.245271917290073	0.029365530990955614	3.9464932377503508	0.027241939632952704	3.2760245258026193
FSTL1	0.3145218307380865	18.191268191268193	0.3790407714474425	26.65001937400439	0.15500000037930228	9.090909090909092	1.7691401462834595	81.03301565690946	2.3564960004382436	87.20197843811584	0.09723772561165658	7.506342336964631	0.35755286971247807	22.9607250755287	0.4577322426214579	31.813395966631568	0.18330635400554227	14.870741725054362	0.40037059235733785	25.866466616654165	0.10535849074147782	5.283018867924529	0.2701717883570319	21.416300820767322	0.0398617298140711	3.530301756745398	0.021522553129116568	2.159239277707979	0.007229376337614149	0.6445533873192314
COL6A2	0.19285862851043747	11.122661122661123	0.19345890540561783	14.573556636672839	0.10409091033718802	6.8181818181818175	2.0941448257722524	88.04458815520762	2.166249854652465	86.55280343135361	0.12790479015243744	9.356812416057304	0.2838972815934265	18.429003021148034	0.7325990117493164	45.849194136227425	0.13752234825519266	11.754046871224935	1.346472617071639	67.2768192048012	0.0519433967347415	3.207547169811321	0.9929929357957102	60.22141630082076	0.033130621121966325	2.82844414558292	0.007516197356345247	1.0124898381494347	0.010207977697665696	1.2590640320091768
VIM	1.0878066552760324	48.85654885654886	1.7235299433287343	69.86696516984544	0.5892727280204947	31.363636363636367	2.853866154048243	87.3213070115725	3.0129375211059455	89.44317786622358	1.5587061637379602	64.75152962244441	3.1826586221764006	86.5558912386707	2.4702543146667515	80.4567911233498	1.6275851668850285	57.09108480309254	1.437231808023308	61.155288822205556	0.20977358519679534	8.679245283018867	2.5018152310081874	85.13075014315709	0.1712940236310249	10.55308060855678	0.011576256989984709	0.9669154780380854	0.02054814349741269	1.8257794043343485
FBN1	0.6313721422539741	32.74428274428274	0.2802165579713976	19.266371033710765	0.20390909043225375	10.454545454545453	1.868137338210767	83.53046289993192	2.2276413305621365	87.6811314192975	0.08680346199664193	6.581107297418296	0.21567975907527429	14.350453172205437	0.9568016515349129	54.56386166680165	0.1417528389250816	12.249335588306353	0.247398349589096	17.43435858964741	0.11564151048660279	6.037735849056604	0.2007577780048955	15.861805688108419	0.03444313692077562	2.9965537530469866	0.015106668631016607	1.9387579139260462	0.014656215420368468	1.5485668246186621
PTPRC	0.00495842000055214	0.5197505197505198	0.01667111553195608	1.3131269643087786	0.03440909114750949	2.272727272727273	0.010856449954944598	1.0083390061266166	0.012338962081599961	1.1283279879438928	2.3505327567411456	86.50947619758244	0.8991842870895956	52.11480362537765	0.010744310337985258	0.9152020733781485	1.2899842944250903	66.56197149069824	0.018679669863821774	1.350337584396099	0.011113207520179028	0.5660377358490566	0.014773811802970565	1.1070815041038367	0.005093300793997238	0.4034630579137598	0.003174562117590202	0.28453181583031556	0.0029861120513149392	0.28677163418864116
HLA-A	0.11510394925634974	7.6923076923076925	2.4036436057156965	82.52464803892022	1.0056363636797125	48.63636363636364	1.2542494884885498	67.32471068754255	1.3164098293292816	70.39684686425286	2.7724235208576924	87.53917325772272	1.7529305142668439	77.94561933534743	1.1675500114253536	61.55341378472503	1.2909507116032384	57.55013288233874	1.1426001498194807	55.25881470367592	0.2786226409786152	13.584905660377359	1.055350257185812	60.83221988929185	0.21789400651823954	15.890560645540894	0.10291343330589495	11.643633138718497	0.08172581893263697	8.648213139603163
HLA-C	0.14341995897635104	9.563409563409564	2.142090670416408	78.22792439832953	0.6877272706140172	36.81818181818181	0.9009240975564154	54.275867937372354	0.8765721234989118	55.17987557479037	2.1332517535788607	81.55499179226982	1.401178245908184	70.99697885196375	0.8977152331812697	52.7172592532599	1.1542908915015457	57.41725054360957	1.2219684920115124	57.899474868717185	0.10835849001722515	6.226415094339623	1.007627408902457	59.419736590952475	0.13745187850608123	11.05740943094898	0.07065553167053029	8.18737220703077	0.057087219493417926	6.093214436903413
TMSB4X	0.22403326343257066	12.058212058212058	3.1864950287678626	83.20919619408447	1.1859545439481736	55.90909090909091	2.3745490140760275	81.3436010891763	2.7462436734326277	84.5241315352216	3.3638143581773936	86.89747798835995	3.5275075579923083	87.00906344410876	1.206059771285277	58.6620231635215	2.454373038521045	76.67310944672626	2.2531627911210776	70.62265566391598	1.4324528319655725	53.0188679245283	3.1723325112679914	84.3481580454285	0.18150500092634128	11.927376649575523	0.02785566476556915	2.914295568201414	0.04230619012654454	4.274262928621175
MT-CO3	0.5827858638204247	22.86902286902287	2.69400224078187	86.17987686743875	1.556363631920381	55.90909090909091	3.125155296135463	91.66950306330838	3.2146682679017484	93.46188028903745	3.00503358124259	90.37457095955827	3.224909366797825	89.27492447129909	3.094761484785854	87.02518830485138	2.2948828239219345	72.58999758395748	2.67794298954526	80.3900975243811	0.4487547182249573	17.735849056603772	3.4845924834210775	90.37984348158045	0.8403101630331669	30.221904681852568	0.23703273956360854	12.050107161333234	0.35766813687040677	17.783938057327013
HLA-F	0.06641372186354441	3.9501039501039505	1.2057441764319867	62.38859947474922	0.5766818154941905	30.454545454545457	0.247330241417544	19.269060585432264	0.21150044414607305	18.737200046369644	1.6121071475625945	73.0637218325623	0.2688972803221008	18.882175226586103	0.28233498035099397	20.401717016279257	0.4109084313079682	26.733510509784974	0.40384846187943546	26.136534133533385	0.009075471590150078	0.7547169811320755	0.42316090863814537	30.731055544951325	0.0137627132674085	1.1515508111288562	0.0024679131927081346	0.21309092700711943	0.002569883508735255	0.2335140449821792
SRGN	0.047297296995246735	3.5343035343035343	1.2884078868512634	59.94316958711844	0.3480454542420127	18.181818181818183	0.08300246755272997	7.309394145677331	0.3003489312749405	21.18319873256308	2.005861811692315	70.06416952693628	3.3354531753459367	85.64954682779457	0.062449177845225134	5.053859237061634	1.7000712750902152	62.20101473785938	0.25358439589230886	16.27906976744186	0.04283018809444499	2.0754716981132075	0.1390914294778402	10.612712349685054	0.015219803251976765	1.2818357569135077	0.004578006053434958	0.4951592639124972	0.006072321063587656	0.6145106446899452
TPSB2	0.0010810810414272633	0.10395010395010396	0.016555302047481086	1.3174322986179876	0.003363636406985196	0.45454545454545453	0.009881296795472715	0.9402654867256638	0.019547509539739542	1.8006878163762123	0.011022235489375483	0.7013878525593196	4.230740175458667	86.10271903323263	0.01029480848561861	0.8099133392726977	0.016212853381428693	1.5341870016912298	0.015878469579128602	1.1852963240810204	0	0	0.012567283765212524	1.0689062798243938	0.0022820879293407943	0.19752878877027824	0.000993890574118108	0.13672308033404773	0.0009262723743351492	0.10105286157123544
TPSAB1	0	0	0.009303396919188654	0.7319068325655488	0	0	0.007574880858306337	0.7020081688223281	0.010401483805831219	0.8887514973530661	0.00713923300865639	0.4476943739740337	3.7884743204649842	84.89425981873111	0.0056288977513923874	0.42115493642180285	0.011015945916361325	0.9905774341628413	0.007702925736440901	0.6001500375093773	0	0	0.008688681076491782	0.6298912006108036	0.0008506346122902101	0.0714465831722283	0.00010321976616198585	0.007390436774813391	0.0003218670230546098	0.02048368815633151
KIT	0.014480249549643661	0.6237006237006237	0.0672936667018779	4.206311620097301	0.011227272857319224	0.9090909090909091	0.013467069362766326	1.1615044247787611	0.00957224003092814	0.8153328953978128	0.011759438851469933	0.8356961647515296	2.4667220550091247	86.10271903323263	0.015475014192213981	1.2310682756945006	0.006600628144126435	0.5556897801401305	0.006796699183289484	0.5101275318829707	0.04596226395301099	2.2641509433962264	0.006443977879303788	0.49627791563275436	0.0023085651835483834	0.21433974951668489	0.002260611435873883	0.2537383292685931	0.002320119077342185	0.23761078261344548
CPA3	0.005197505197505198	0.31185031185031187	0.008345029490821488	0.5726094631248116	0	0	0.0062874404436460436	0.5488427501701838	0.013822404267481238	1.2790293287994126	0.005978212198594172	0.3730786449783614	3.6278851987552065	86.85800604229608	0.005492832242230843	0.4130558030290759	0.005960376906665692	0.4711282918579367	0.008948237016875317	0.660165041260315	0.019169811257776226	0.9433962264150944	0.0073430044069889054	0.49627791563275436	0.004487265673887733	0.32361099436832813	0.003438031173729676	0.38922967014017196	0.00315435141098414	0.3345669065534146
CTSG	0.005051974942927053	0.4158004158004158	0.010990657398938548	0.8567615275326129	0	0	0.0080764975951613	0.7020081688223281	0.020193206798238463	2.005487074461919	0.008103268144024324	0.5073869571705716	3.992220545058164	85.64954682779457	0.007734672375571885	0.6155341378472503	0.01177699921873636	1.0026576467745831	0.0071822955969662395	0.6001500375093773	0	0	0.00909906469881364	0.7635044855888529	0.0024069093153377915	0.21433974951668489	0.0003665656641885916	0.06158697312344493	0.0009141187245686114	0.08466591104617023
MS4A2	0	0	0.004346665535616948	0.29276273302621947	0	0	0.002360874733718339	0.18294758339006129	0.00498782795876549	0.3902778314463465	0.003939710487413542	0.26861662438442024	2.554441087375595	85.1963746223565	0.002991819865425328	0.21057746821090143	0.003975597955691523	0.362406378352259	0.0036414103497264087	0.25506376594148533	0.004320754645005712	0.18867924528301888	0.0032143538679460415	0.1717885092574919	0.0026821887749679764	0.2227452298898882	0.0015894366054790934	0.1847609193703348	0.0012776359060985524	0.12699886656925535
CD69	0.0011850311701610034	0.10395010395010396	0.010788737269979783	0.8481508589141947	0.016090909459374168	0.9090909090909091	0.008569605170493632	0.7785908781484002	0.012633022920366482	1.0317245643185595	1.1983450223413656	49.79853753171169	2.8882175287811416	83.38368580060424	0.005693690761570179	0.42925406981452985	0.0882362889319003	4.795844406861561	0.008064516164803987	0.6001500375093773	0.009566037609892072	0.5660377358490566	0.01473945412250802	1.1452567283832793	0.0018819870606203825	0.15550138690426157	0.0005523119748315611	0.05296479688616264	0.0009463463932396644	0.08193475262532604
HPGD	0.011330561305777694	0.8316008316008316	0.005549575949205863	0.4520601024669566	0.007409090887416493	0.45454545454545453	0.01440095303261905	1.1657590197413206	0.0197020750284803	1.6152092430155722	0.0704909712765541	4.163557677958513	2.977401812496142	85.04531722054381	0.005047379949077996	0.38875840285089497	0.04543488744694013	3.4670210195699442	0.005557389287955763	0.4051012753188297	0.0516037736298903	2.6415094339622645	0.005537316257158612	0.43901507921359034	0.012409851194239669	0.8573589980667395	0.011911413264351538	0.9570615623383343	0.0037646287718151664	0.353685015499324
RHEX	0.005977131039090067	0.4158004158004158	0.005739871685974113	0.3401214104275197	0.014818181774832986	0.9090909090909091	0.007510211034706452	0.5403335602450647	0.006214305032390849	0.44823988562154643	0.004623190526943779	0.26861662438442024	2.03708459063239	82.17522658610272	0.0030088280486396286	0.21057746821090143	0.026589755931030756	1.6187484899734237	0.003213803417595007	0.25506376594148533	0.040188679155313746	1.8867924528301887	0.002553922526138751	0.13361328497804922	0.005761536524467551	0.4454904597797764	0.00530226885934894	0.5715271105855689	0.00606672221423335	0.6145106446899452
MEG3	0.06799376243241363	4.158004158004158	0.11483532089215415	7.736685753648771	0.09568181823600422	5	1.6333989952028387	76.89754935330157	1.134757911126209	62.52559990726071	0.07706610933824576	4.38740486494553	0.6009818739131138	34.74320241691843	3.297606708967822	96.25820037256013	0.06955665620874166	4.989127808649433	0.1031282820338516	6.706676669167291	0.34360377175628015	15.09433962264151	0.09130941006854691	6.680664248902462	0.05657728824060264	2.5216441119609985	0.011441874254020537	0.5666001527356934	0.01561881224153549	0.7729178330989089
PAX7	0.015218295172445492	1.0395010395010396	0.019437723348699323	1.3475696387824514	0.01286363655870611	0.9090909090909091	0.014743022451404205	1.2465963240299522	0.013383824710633315	1.1128714401638393	0.01802566772502779	1.1341590807342188	0.01217522649966698	0.906344410876133	1.6915615119629566	78.1161415728517	0.017208262792882727	1.3046629620681325	0.024760689998334813	1.6804201050262566	0.06424528292889865	3.7735849056603774	0.014987592980205888	1.1643443405230005	0.041970664848149764	2.937715390434563	0.025799768380327937	2.193727982657108	0.05978287284253614	4.627947944120499
APOE	0.21910602975783874	9.771309771309772	0.0818500021357817	6.341757437465019	0.006409090757369995	0.45454545454545453	0.42528803608779037	22.332368958475154	0.5348846555030246	26.403647745276093	0.06830473066292456	4.357558573347261	0.14267371671437498	9.516616314199396	2.1007216338002173	76.56110796144813	0.3876854309960246	19.014254650881856	0.1783510877329518	9.767441860465116	0.5337735836235982	23.58490566037736	0.15030540156441805	9.906470700515365	0.024027906222579092	1.979490627889384	0.007120316308426283	0.7612149878057793	0.008011989786115612	0.8480246896721244
IGFBP5	0.2385758838680207	13.097713097713099	0.23891505571435484	15.81349291772506	0.1212727273052389	7.2727272727272725	0.7309104828411235	42.3927842069435	0.8959152204467836	48.64948413771784	0.12708849430311048	8.327115355917027	0.266691842288049	16.314199395770395	2.269888232070405	81.76075159957884	0.16734839330973453	13.034549408069582	1.580547637042477	60.37509377344335	0.15507547191853793	8.867924528301886	2.6703836635213065	86.33326970795953	0.277521643879056	18.269311591157432	0.1738702484406508	14.307885596038725	0.19648185810816557	14.619891026779008
EEF1A1	0.3797193342653295	19.12681912681913	2.4817139558646777	79.73909674086192	0.8883636324920438	44.09090909090909	2.698684482569039	84.64091218515998	3.092282163635515	87.43382665481664	2.940435758893738	83.46515445455903	3.4333685803651988	87.00906344410876	3.2680311026414453	84.99230582327691	1.6214810341799564	59.91785455424016	2.05481320499133	71.50787696924232	1.2030000020310563	45.84905660377358	2.932479483335158	84.90169879748044	0.4557174080361244	16.605026477263177	0.03324661885551526	2.7418520434557685	0.04085908587654954	3.0629941689767715
SPATS2L	0.37988565431563126	22.14137214137214	0.3953248374098346	25.229259051965386	0.3679999977350235	19.090909090909093	0.33183755937246057	24.595813478556842	0.32631631802842803	26.4925228950114	0.12595284266661147	8.013729294135203	0.2952416919599487	21.6012084592145	1.6785753617052455	77.0632542317972	0.5006124662205228	31.940082145445757	0.3715798947476661	23.28582145536384	0.17611320738522512	9.245283018867925	0.29889291858236217	22.38976903989311	0.24422081202898616	15.608977053038581	0.24589929285240367	17.26652378488902	0.2889318437889599	19.415805213781425
RPS6	0.2510602923106255	13.92931392931393	1.6705269725128713	69.06186765402333	0.5585000020536509	30.909090909090907	1.7479394994645365	75.62542545949626	2.0821422764860804	79.38482939835387	2.377437698928487	76.10804357558574	2.3789728115512525	85.80060422960725	2.5125649982235583	79.36340811533165	1.178993717372853	51.594588064749935	1.3565521374859044	59.90997749437359	0.6604339601999184	30.377358490566035	2.106810460854439	80.62607367818286	0.44697865007406545	21.009498192821717	0.08475710096489888	8.28714310349075	0.10963238599594191	9.236777779295089
GNAS	0.5689397072593784	30.561330561330564	1.4211856883769656	67.12877254918844	0.5055454544045709	26.81818181818182	1.2894839164670975	69.0137848876787	1.3270300232089052	71.13876115769543	1.015879718190146	51.93254738098791	1.379954679044712	71.45015105740181	2.0778099937729384	81.21001052887341	0.9448453726061994	52.89925102681807	1.2064306062008328	59.26481620405101	0.9487169810061185	41.132075471698116	1.7585092560210558	77.1712158808933	0.5277843150578961	29.810036143565604	0.305997831871103	25.22971940975045	0.2776141964100791	22.297177347772056
SAT1	1.5065176739142492	58.939708939708936	1.2812209931290164	56.69694751797477	0.26645454574715005	14.09090909090909	1.465663716382137	69.08611300204221	1.6027133959438045	71.0730708296302	1.2696224434476098	56.63333830771526	2.354274921096704	84.29003021148036	1.4796898030067462	63.59439539969224	2.768906742456772	91.3626479826045	0.746955738866678	40.255063765941486	0.19924528227662142	10.18867924528302	1.0179958006060972	56.0412292422218	0.31277464895205526	20.15213919475498	0.33149360697756397	23.569334614342374	0.2542016139838313	18.05978505783228
STAB1	0.009324324292105597	0.6237006237006237	0.29703405507413466	19.894949842855297	0.2496818182143298	12.272727272727273	0.014957028596932697	1.484853641933288	0.023207233626576985	2.469183507863519	0.017897328779928598	1.3580062677212357	0.21400302099317223	15.709969788519636	0.011792338212086544	0.9475986069490565	1.9799504715316565	75.98453732785697	0.02032708175653635	1.5603900975243812	0.019773585054109682	1.1320754716981132	0.01102500480421401	0.9734682191257874	0.004765487095107649	0.3950575775405565	0.001410588033583966	0.14041829872145445	0.0017183083194577107	0.17342855972360677
CD163	0.007858627799147132	0.6237006237006237	0.012848409182488413	0.9988375597365136	0	0	0.006510806681399365	0.595643294758339	0.006883959954672091	0.7573708412226129	0.014123265093217197	1.0296970601402775	0.01566465248514158	1.3595166163141994	0.0074495828768652225	0.6317324046327043	1.6636288950562217	70.53636143996135	0.009110277566977756	0.7051762940735183	0.022622641527427816	1.3207547169811322	0.006820003826851653	0.6871540370299676	0.005328654276448668	0.48331512145919137	0.002539846779975863	0.2697509422806888	0.0025610072419801682	0.2662879460323096
MS4A6A	0.0017151766903930792	0.2079002079002079	0.014976966406478172	1.1452189262496233	0.026818181709809735	1.3636363636363635	0.00715197413157129	0.6849897889720898	0.009921171608624933	0.9660342362533328	0.01624832121654511	1.1490822265333533	0.19048338367679687	13.444108761329304	0.008499230620754271	0.737021138738155	1.5431940071633539	69.98067165982121	0.013470367632320028	1.0502625656414104	0.0032075472597805957	0.18867924528301888	0.008255392330069194	0.7253292613094102	0.0029309909910369423	0.2731781121291082	0.001208952287212886	0.15027221442120564	0.0015242595166205207	0.18162203498613938
MRC1	0.005997920854175908	0.5197505197505198	0.01934688072390997	1.3647909760192878	0.015363636037165469	1.8181818181818181	0.009647294058584291	0.9147379169503064	0.009452838175509208	0.9273928668031995	0.014018803143337616	1.1043127891359499	0.016933534800826242	1.2084592145015105	0.0107823762829375	0.8666072730217868	1.670227108157381	69.20753805266972	0.01923180792315822	1.5003750937734432	0.06845283013469768	3.3962264150943398	0.011023095965180649	0.897117770566902	0.012097167321168856	1.0969151887030344	0.007280196085773407	0.8203384820042865	0.008477652302918205	0.8589493233555012
ZEB2	0.8103014546099918	40.12474012474013	0.0766887673988259	5.601239936281052	0.066909090497277	4.545454545454546	0.560313988620272	37.674438393464946	0.5425255994297602	39.321457552455655	0.392963736484414	20.3551708700194	0.9448489396413647	54.98489425981873	0.8580958929497906	49.84206689884182	1.9286023183890257	79.25827494563904	1.0491957978923252	53.77344336084021	0.2965660372994981	14.716981132075471	0.6675815989405036	42.50811223515939	0.23544927275064584	15.722451038076827	0.21291823699205709	16.465893134284237	0.2866828712288318	19.49091207035464
MS4A7	0.004979209904704174	0.5197505197505198	0.009745124181693321	0.7448228354931761	0	0	0.0038070115790156543	0.3701497617426821	0.006630858973804703	0.687816376212373	0.009974630654620922	0.7312341441575885	0.013353474460699767	1.0574018126888218	0.00521422210440246	0.42925406981452985	1.6044165261790038	68.68808891036483	0.013032258053248034	0.9602400600150038	0.04907547134273457	2.4528301886792456	0.006606222513091089	0.49627791563275436	0.0041771034746197295	0.36143565604774314	0.0016039711244102753	0.18968787722021038	0.002244192874227594	0.2266861489300687
F13A1	0.03266112272881297	2.598752598752599	0.02745038105255333	2.075171137038791	0.04031818156892603	2.727272727272727	0.017194945560140604	1.642273655547992	0.01717802076389425	1.657714749410719	0.022138486728750403	1.8057006416952694	0.02324773393728942	1.5105740181268883	0.023336033037138573	1.911395480683567	2.1824571159646893	68.48272529596521	0.03244111036514306	2.4156039009752437	0.06892452779805885	3.9622641509433962	0.01429471280550224	1.1452567283832793	0.026576447819780052	2.0845591325544257	0.020340575928852415	1.8771709408026014	0.025568968535527127	2.2996353903508173
RBM47	0.09991683985983756	6.652806652806653	0.022340379677815245	1.5843630257889527	0.07813636416738684	4.545454545454546	0.024002297445396285	2.042205582028591	0.027426484753146154	2.4885041925885854	0.02499029986307952	1.7758543500970003	0.04832326330447125	3.1722054380664653	0.019710860940679573	1.4497448772981292	1.5646412173894961	68.7968108238705	0.02458214552797774	1.8154538634658663	0.1977924512804679	10.18867924528302	0.012937583499286757	0.9734682191257874	0.026021686149154396	2.2022358577792724	0.02808378291307222	3.2111447786564185	0.026778462060719384	2.758470005052643
LGMN	0.07461538484897039	5.925155925155925	0.1639867394311894	12.463942825160373	0.10399999835274436	7.2727272727272725	0.4535547136940909	34.206943498978895	0.4090262371546482	34.08941612890761	0.056536337861355125	4.193403969556782	0.0863897279130008	6.797583081570997	0.24555843528575855	18.97626953915931	1.8329064996346496	69.12297656438753	0.19161590380679372	14.04351087771943	0.18064150945195612	9.622641509433963	0.27297766707193355	22.179805306356176	0.11234050591994411	8.78372698999748	0.09948525600779289	9.485625600472988	0.08682994433389365	7.663630528888827
CALD1	0.3975987524537683	22.14137214137214	1.0478279579931384	54.66913505833728	0.9147272706031799	43.63636363636363	1.858336878267172	85.05360789652825	1.7902245053108041	84.1454461146103	0.13186390109225682	8.924041187882406	0.3181873095359687	19.184290030211482	1.0743046886377163	57.82781242407062	0.19062454710545984	14.411693645808166	2.951861966206271	94.77869467366841	0.22101886677292157	11.88679245283019	3.2539492335158418	97.15594579118152	0.18750063026771846	11.221316298226444	0.0389083092359554	3.728475352893356	0.233765311462255	14.998156468065929
PDGFRB	0.03221413728600976	2.182952182952183	0.1040754294057481	7.7754337624316525	0.05736363692717119	3.1818181818181817	1.061618447455928	61.64482641252553	1.0083828577590765	60.3462266702732	0.06910759570829514	4.909714967915237	0.13092144954600723	9.516616314199396	0.11332550422328681	9.322102535028751	0.08918096162972819	7.634694370620923	2.2838694668227535	88.82220555138784	0.03345282999974377	1.8867924528301887	1.0230883750172148	58.69440732964306	0.011507102614977114	0.8867781793729511	0.0012378981581752375	0.11947872785948316	0.001966160940151538	0.18981551024867196
NOTCH3	0.105467776003102	6.237006237006238	0.07571016486525489	5.2137598484522325	0.05627272670919245	3.1818181818181817	0.14855811774218422	11.61504424778761	0.09674369169030557	8.423818540129062	0.03266825848169388	2.3727801820623786	0.05341389746014085	4.078549848942599	0.9532169752143371	52.84684538754353	0.06747402757672648	5.170330997825562	2.280564140602779	86.90172543135783	0.042358490206160636	2.2641509433962264	1.551294140254616	74.7470891391487	0.01591787842951162	1.353282340085736	0.007886704589019931	0.9940137462124011	0.009264772149384926	1.0392057791312186
EPS8	0.5687110170009478	31.704781704781702	0.3329160028859526	21.944288974038834	0.23659091077067634	13.18181818181818	0.7045622019336855	46.45166780122532	0.6009656470849805	44.01251980370184	0.05741531100002372	4.178480823757648	0.1274169184650179	8.91238670694864	0.1642633835473041	12.019113954806835	0.7145494068733129	42.06330031408553	2.2917164288422085	87.72693173293324	0.1484528290775587	8.49056603773585	1.2283661003774031	67.09295667112045	0.1037463225446835	8.228965285366058	0.06854371435119276	6.4703273963491235	0.07448824915257768	6.3513089076731895
IGFBP7	0.31884615454753074	16.320166320166322	1.8926981535858922	73.34567529168639	0.9286363612521779	39.54545454545455	2.296887339376182	86.50867937372362	1.7589014253799575	74.28803276788129	0.30607670474530085	18.519623936725864	0.5692749235925357	33.53474320241692	0.3224564670298692	23.544180772657324	0.3949275183236921	27.071756462913747	3.214181549756579	91.26781695423855	0.22964150815639855	11.320754716981133	3.593571297845715	93.68200038175225	0.08540850627611274	6.7790199209884845	0.019030744236568232	2.417904564826448	0.02484548466676165	2.9400920400387824
RGS5	0.10333679836406033	6.340956340956342	0.6340685408961302	27.502475567227798	0.3800454546104778	16.818181818181817	0.20236895837436872	14.916609938733833	0.14270025879574216	10.792534487422234	0.1415430531406061	8.550962542904045	0.2796374622878711	18.580060422960727	0.22109095326095224	15.193974244755811	0.27169847826190574	17.62503020053153	3.017965491266959	84.51612903225806	0.13803773578607811	7.3584905660377355	0.8397003248018217	36.45733918686772	0.11462847792370545	8.18273514331344	0.10313760984306401	8.899317616337791	0.08823867585347175	7.559846508896749
MYO1B	0.02651767136835011	2.182952182952183	0.17507641941582272	11.839669350325051	0.0730000000108372	4.545454545454546	0.18423927835029677	14.725153165418654	0.26357123509082236	23.111403068124734	0.034636621245464766	2.4772422026563197	0.0257703927528462	2.1148036253776437	0.29508544581278406	20.523204017170162	0.040102681708500766	3.3945397438994926	1.9104921221062374	80.4351087771943	0.03383018863650988	2.2641509433962264	0.5150887563918515	33.460584080931476	0.014625956149920702	1.2734302765403043	0.0075636193342722546	0.8585224053408222	0.008481202809777943	0.8234442638845266
EGFLAM	0.07180873197726054	4.5738045738045745	0.04735264996724353	3.3021914151633873	0.05336363613605499	3.6363636363636362	0.10402569769475283	8.568754254594962	0.05048572192760071	4.451485760655357	0.020088046563461526	1.6564691837039247	0.02342900300674208	2.2658610271903323	0.061358224752316774	5.345428039199806	0.03878352247443168	3.2737376177820727	1.8998604649139899	79.0847711927982	0.08401886775808515	4.339622641509433	0.5111891584704454	33.78507348730674	0.0720891820390059	5.846011599562915	0.06057300516283417	6.012120316310694	0.0764160372966114	6.691338131068293
TIMP3	0.6673908529807029	28.794178794178794	1.8685904338538233	74.90420631162009	1.1955454525622455	48.63636363636364	2.030891337837083	83.14329475833901	1.6312952578364892	72.61486147069051	0.13849425438161644	8.789732875690195	1.034184289032599	59.66767371601208	0.9137426092550901	50.012148700089085	0.2483534669824436	16.936458081662238	2.5216954256391846	84.03600900225057	0.19424528175929806	9.245283018867925	2.203162818509992	85.7606413437679	0.04671892072108951	3.6858031436496597	0.008704579599078522	0.7821545586677506	0.014962787965281847	1.2822788785863524
CD36	2.159864865444802	73.5966735966736	1.8780828355179415	70.11236922547036	1.806363637338985	65	0.23840963237795604	17.77569775357386	0.1490443988283828	11.793345956180687	0.16632293675935966	10.87897328756902	0.29330815667472215	16.91842900302115	0.18007208205212816	13.039604762290436	1.280990576456605	59.01183860835951	2.6171852985630335	87.14178544636158	0.2898113193377009	15.471698113207546	0.2550143157794153	16.7398358465356	0.8698987138584492	40.346305791375976	1.4647639983853558	64.8079718178011	0.4697270205598973	29.129170137513828
GRID2	0.08588357602019568	5.8212058212058215	0.04297455542675505	2.897489990097731	0.1658636368133805	11.363636363636363	0.05070115714164361	3.114363512593601	0.02454345221419442	1.692491981915839	0.025517087021152966	2.089240411878824	0.012764350345127531	1.0574018126888218	0.033675386769451324	2.5593261521017254	0.03991181438320298	3.3824595312877506	0.047699925073178655	3.1957989497374344	2.521113212097366	85.09433962264151	0.032403130321062165	1.9851116625310175	0.04423636204995277	4.026225098764394	0.051617027550086486	5.60318281477102	0.052599789626631546	5.314834286962816
MTRNR2L1	0.0010395010395010396	0.10395010395010396	0.005965040708937878	0.3788694192104017	0.014818182316693393	0.9090909090909091	0.0016839686842030452	0.15742001361470387	0.0013914757066211725	0.1236523822404266	0.003521862394363911	0.22384718698701686	0.0016767371817297805	0.1510574018126888	0.004115169691520055	0.25917226856726333	0.002959652089876782	0.2295240396230974	0.004871717933774979	0.28507126781695424	2.7357924486106295	77.9245283018868	0.0006146211163600362	0.07635044855888527	0.002140875860191979	0.19752878877027824	0.0016766437612811868	0.15643091173355012	0.0022241188626231805	0.17615971814445097
MTRNR2L6	0	0	0.0021922762219861816	0.15499203513152796	0.009590908614071933	0.45454545454545453	0.0010317392796886625	0.08509189925119127	0.0006441516328334274	0.06569032806522664	0.0002790628271554054	0.014923145799134457	0	0	0.0017591317703900206	0.12148700089090467	0.0019739067411906593	0.16912297656438754	0.0019024756110349456	0.10502625656414104	2.4290943450804026	76.0377358490566	0.0009085703360303983	0.11452567283832793	0.0008766915991425143	0.08825754391863495	0.0005941911172713232	0.06774567043578941	0.0006718649676258072	0.05598874762730613
DHFR	0.16072765045185533	10.083160083160084	0.055625349751546094	4.154647608386791	0.046272727118974386	3.1818181818181817	0.06952008158298192	5.726684819605174	0.07751690558195252	7.635534603346343	0.0861587821592272	5.715564841068497	0.07418429023189486	5.287009063444108	0.09226613753844323	6.851866850247024	0.12331964246934092	9.57960860111138	0.06121980498271693	4.4411102775693925	2.225622644626869	75.66037735849058	0.08211299849844407	6.718839473181905	0.05375851051986964	4.349836093132723	0.051337053117516	4.834577390190427	0.04921288011073993	4.229198814677245
MTRNR2L10	0.0018607068830121332	0.2079002079002079	0.0033633271484454653	0.21096138115124638	0.006136363744735718	0.45454545454545453	0.0006666950186634648	0.05530973451327434	0.0007160245851698547	0.05796205417519997	0.001908670357582623	0.14923145799134457	0	0	0.0011581760664705304	0.0728922005345428	0.0009398405233366128	0.0724812756704518	0.0026541635315845717	0.1350337584396099	2.2871698134350327	73.39622641509433	0.0012216071723913232	0.11452567283832793	0.000782970497816002	0.06304110279902496	0.0007012292813944059	0.06405045204838272	0.0010482186016371573	0.08466591104617023
MTRNR2L3	0.004365904353512548	0.31185031185031187	0.0043445128576843905	0.27123606148017393	0.007272727381099354	0.45454545454545453	0.0011738427427145314	0.09785568413886998	0.0024166312370276707	0.18161443641562658	0.0025563348746801416	0.17907774958961348	0.0017371600848310304	0.1510574018126888	0.0024005831316182263	0.16198266785453957	0.0039055327713619138	0.27784489007006524	0.002421605399204034	0.15003750937734434	1.9340943379222222	69.81132075471697	0.001007825915516276	0.07635044855888527	0.0025561065786855004	0.1765150878372699	0.0023670337216070672	0.20570049023230608	0.002872768987471935	0.21576151524669188
MTCO3P22	0.0012889812988947434	0.10395010395010396	0.00373487752350362	0.22387738407887373	0	0	0.0022017528855167658	0.1531654186521443	0.002737741026463227	0.1854785733606399	0.005338009278968348	0.3730786449783614	0.009652567954221881	0.6042296072507553	0.0027399368350627673	0.17818093463999352	0.0026117419600342746	0.16912297656438754	0.002714178567530066	0.19504876219054765	2.0406981147966294	66.79245283018868	0.003084558069899374	0.15270089711777055	0.0020282424149056727	0.17231234765066825	0.001896262901452203	0.19584657453255486	0.0022152425938840935	0.21303035682584767
POLE	0.09573804594870665	6.133056133056133	0.04587678139550638	3.319412752400224	0.14636363685131074	7.727272727272727	0.06527527227333364	5.305479918311777	0.0580486107625246	4.83789945515669	0.07886584076200416	5.208177883897926	0.02965256787859061	2.1148036253776437	0.0788110471852175	5.758483842228881	0.09654868328433072	7.5622130949504704	0.05042610662106903	3.6009002250562636	2.3791509451731194	66.41509433962264	0.03948272559610481	2.805878984539034	0.13094393520447611	9.380516096494915	0.1411506908998531	12.050107161333234	0.16914282577532594	13.166914746889894
MTRNR2L8	0.0026195425067770755	0.2079002079002079	0.03713910528588768	2.970680673354286	0	0	0.019561776669456327	1.9145677331518038	0.012243517944592497	1.3717686154797326	0.02210267120075838	1.7161617669004627	0.02676737164442633	2.2658610271903323	0.0108358305509712	0.9961934073054183	0.027490939861278253	2.609325924136265	0.029974493654884974	2.4456114028507128	1.6652075470618481	62.45283018867924	0.0362931858391952	3.5312082458484446	0.005002101370544206	0.3950575775405565	0.004053161878716851	0.32517921809178923	0.0059634844141923694	0.43152303049338375
MT-RNR2	0.9226091479119727	28.794178794178794	4.269215569696105	90.36466181599	2.1224999908019195	66.81818181818183	4.392307268412989	92.84802586793737	4.349416517186928	94.53224622280614	3.6461438622702023	90.3894941053574	4.154773417635177	89.57703927492447	3.9650457616148085	87.71361464323317	3.1828569702272613	74.89731819280018	3.7938664649140206	84.05101275318829	3.903396223429239	89.24528301886792	4.631280775851598	91.29604886428709	1.2339829367101618	43.015045809868035	0.5297482324057214	23.54100460670559	0.7952853381212489	35.335727648882276
MYH11	0.02585239065985298	2.079002079002079	0.07242691695722873	5.071683816248332	0.039590908722444015	1.8181818181818181	0.04956773313559932	4.318413886997958	0.03677228634004613	3.2381467599211717	0.03985822994032381	2.939859722429488	0.09191842903903603	5.740181268882175	0.04660241354344064	3.596015226370778	0.046369896064449204	3.8777482483691714	0.40850562615137037	20.9152288072018	0.3877169805877614	18.49056603773585	3.346844822947682	96.75510593624738	0.04088803897922186	3.3495839287215263	0.03464759926284163	3.7432562264429827	0.026595201325060422	2.7475453713692666
ACTA2	0.03788981284644153	2.806652806652807	0.20565548700317737	14.190381883153227	0.03118181824684143	2.272727272727273	0.2754475832612484	22.115384615384613	0.3212411604126978	26.53889253835156	0.09990299952161827	7.192956275182809	0.22634441043134904	15.709969788519636	0.2766996030263151	18.052968332388435	0.13604010623438934	11.464121768543126	1.6951387839664307	64.89122280570142	0.030509433656368615	1.6981132075471699	4.0136056517822	95.49532353502576	0.028097839822017755	2.2610742203916954	0.0037188677759768356	0.34488704949129156	0.005795108505355127	0.5503284218001064
LMOD1	0.07108108130072606	4.46985446985447	0.0788513367487436	5.222370517070651	0.038909090784463016	3.1818181818181817	0.14196945199396757	11.172566371681416	0.13547432267747397	10.243827041230341	0.03016415458084167	2.1041635576779587	0.07271903393131729	4.380664652567976	0.07268486260363687	5.110553170810723	0.05020898762000416	4.252234839333172	1.2543120775469603	58.06451612903226	0.13877358402845993	7.9245283018867925	2.533817522203588	91.86867722847872	0.2234655792861012	13.671513827015215	0.13671470447482542	10.562165890670805	0.33159240171680887	19.15088284695954
TAGLN	0.11523908545532247	7.172557172557173	0.30860679364519533	20.6053300038748	0.1304545459422198	6.8181818181818175	0.522962899444976	33.62406398910824	0.7930974914562463	45.11379883303064	0.13052380222834423	9.058349500074616	0.3036253782287465	19.486404833836858	0.5175807883215788	29.926297886126186	0.23862043962757437	18.30152210678908	1.3747426862208716	50.75768942235559	0.03447169807721984	2.0754716981132075	4.001269328648818	90.32258064516128	0.049927292578752135	4.26578128940069	0.022576183060414607	2.800975537654275	0.02120007095691926	2.320119078507149
MYL9	0.0760187112306111	5.197505197505198	0.3347164934332887	22.99479054548586	0.07540909051895142	5	0.39820626248853436	30.75646698434309	0.43801537886336217	34.723134587889795	0.043324876865189994	3.2532457842113116	0.1170694859546477	7.7039274924471295	0.1624718554009597	13.26638049728679	0.09005677692482339	7.634694370620923	1.4842100515995182	63.01575393848462	0.07099999999100308	4.339622641509433	3.088293571057131	89.53998854743271	0.021209548611619437	1.8071782802387155	0.00445877367262275	0.656517133495923	0.007205205578499168	0.8220786846741044
SORBS2	0.04653846165804258	3.4303534303534304	0.2742463510630898	17.053429198777284	0.3597727293317968	19.090909090909093	0.041686946881200844	3.5313138189244384	0.09304803117753858	7.241392634954982	0.029823906776389512	2.163856140874496	0.039561933531141714	2.56797583081571	0.03484814122742831	2.640317486028995	0.04929813954350949	4.203913988886204	0.28493323329240866	16.71417854463616	0.45801886724975877	20.566037735849058	2.2896640580627476	89.17732391677801	0.06815751874721546	5.48037320332857	0.039880398056030664	4.174365038307097	0.04172390716344708	3.859126848652856
DSTN	0.22978170452302557	13.825363825363826	0.7537262662792912	44.11245533215654	0.28090908960862593	15.454545454545453	1.359252041000353	69.91150442477876	1.4245438376782256	74.03686386645543	0.3987763014289447	23.847186987016862	0.7068580053183967	44.259818731117825	0.847437433205105	49.89066169919818	0.3976721429603778	27.784489007006524	1.1099819951010932	52.96324081020255	0.4477735845547802	20.943396226415096	3.371488837493606	89.76903989310937	0.20509077885594526	14.08758510548878	0.08600497620533891	8.17382307294361	0.1431681437675505	11.229157847300932
MCAM	0.6598336806911936	33.88773388773389	0.6234124076899163	35.764412106600076	0.38622726879336616	20	0.03261657584678265	3.0420353982300883	0.03564975458001919	3.489315661347038	0.04997910749750375	3.357707804805253	0.061661631589209565	4.229607250755287	0.04294970431742595	3.6770065602980484	0.05303454927975903	4.36095675283885	1.2951582895707834	62.49062265566392	0.06694339659978758	3.9622641509433962	2.163426225969049	87.6503149456003	0.07037740593859555	5.215600571572666	0.024230778687531134	2.1703249328701992	0.022125660541181178	1.6605443198732743
NEB	0.7738565499245686	18.60706860706861	0.4175097947197562	17.453825289533732	0.8642272673547268	28.636363636363637	0.2754939585014223	16.235534377127298	0.3405154757886875	15.267205069747671	0.3880525296260716	14.967915236531862	0.7500755272332995	19.788519637462233	1.3532736685894586	56.76682594962339	0.515025368081615	19.485382942739793	0.6825236315062774	23.37584396099025	1.9123396238241837	41.509433962264154	0.32738690572024803	13.953044474136286	5.010067244613557	98.90308481129696	5.275180327946137	99.60953859039736	4.967244399229073	99.6353903508173
TTN	1.004698541596253	20.686070686070686	0.6649145387888883	25.625349808412622	1.2914545409550722	36.81818181818181	0.4614031654095513	25.416950306330836	0.4722133775725814	20.209436222419722	0.7122280254605377	25.727503357707803	1.6035649529756737	58.157099697885194	0.7525042519533034	29.79671175184255	1.6040178788168835	51.67914955303213	1.3753293313535975	46.88672168042011	2.1704339648192783	38.86792452830189	0.49945981979745563	20.041992746707386	5.647507356453696	99.03336975708162	5.810264823650292	99.62062424555957	5.943925356735771	99.72005626186346
TRDN	0.7004573807689572	22.55717255717256	0.33914366928517237	14.986868730356912	0.7397272645072503	30.454545454545457	0.17049098039168606	10.06211708645337	0.232374511926749	10.085397426484795	0.3271989249334533	15.072377257125801	0.6057703920451536	18.12688821752266	0.9703571717581803	45.00688426338382	0.4244370624185865	19.135056776999278	0.5781755442692655	23.15078769692423	1.6470754706353512	45.09433962264151	0.26772475704454035	12.616911624355792	3.9717218650105237	96.77649827687652	4.063838596543119	98.38272608577834	4.165949148775287	97.13501481653444
MYBPC1	0.47091476049219994	16.839916839916842	0.3002019202248537	15.589615533646187	0.675363639132543	32.72727272727273	0.17882232799577047	11.968175629680054	0.22185439936723989	10.974148923837861	0.30449037435228987	15.654379943292046	0.5262537755274701	17.371601208459214	0.3500575037009189	19.25164007451203	0.38863251972372015	18.929693162599662	0.5308102027104367	23.34583645911478	1.2829056591920134	41.509433962264154	0.24593433820807678	12.368772666539416	3.594978148171285	95.33495839287215	4.060980960664035	98.47757002438844	3.2140751634260423	94.98422756011962
PDLIM3	0.27833679946538314	14.96881496881497	0.340536444661128	21.608472897920525	0.44609090834856036	25.454545454545453	0.19546587803255872	15.15486725663717	0.30646470101867845	21.109780130607827	0.2527951052354852	14.744068049544845	0.37605740323527703	16.76737160120846	1.0325131610307743	55.57625334089252	0.31926189887662076	19.147136989611017	0.6147651905628495	35.108777194298575	0.6538301863549453	25.28301886792453	1.1752204611704768	67.26474518037794	2.9282869652802614	91.4390182398924	2.7972299435567796	88.06198112975143	2.827471358936182	88.56190853350448
CMYA5	0.6241787925455525	26.09147609147609	0.2266435614455965	11.99896671976579	0.5614545473320918	23.636363636363637	0.6919915758578457	42.65231449965963	0.48201862490443403	30.13640403415897	0.19504402326540865	10.222354872407104	0.43385196497433137	16.012084592145015	0.36006884236421854	20.401717016279257	0.2898659097266121	15.4868325682532	0.4328147030316031	20.420105026256564	1.2286981122462817	37.35849056603773	0.18363237295013207	9.581981294140103	3.0116151152217787	93.56980751449946	3.159674084115128	97.15098662330944	3.268762241653298	97.13774597495528
RYR1	0.4074532220415043	16.735966735966738	0.14920910999235662	7.995005812201317	0.46249999913641	21.818181818181817	0.07015954722880802	4.8800204220558205	0.11925422145408078	6.0898798253410105	0.18400686433731425	10.535740934188926	0.3789577039346954	13.897280966767372	0.34196565974712845	20.053454280391996	0.5159470881507571	30.176371104131434	0.30589497376817426	14.733683420855215	1.1316226426722868	41.132075471698116	0.13113762144590235	6.833365146020233	2.662537615630872	90.32108935025637	2.816649915329905	96.2813785628064	3.0029495162808604	96.08351882450941
DMD	2.508347193456861	84.3035343035343	0.2951065571432974	14.298015240883455	0.7955909033983268	31.818181818181817	0.5699217152764191	33.28369639210347	0.4304582868984888	23.973105606862706	0.2620698403385842	11.431129682136994	0.5406797582289243	15.105740181268882	0.8569660645174099	41.00591236737669	0.42166706985440966	20.161874848997343	1.0322250568765563	48.372093023255815	1.8814716943030088	60.94339622641509	0.8415060125321212	38.51880129795763	3.706119612656077	93.15793897621249	4.226197624733111	98.30143128125539	4.168443379651232	97.96392139726065
PDE4DIP	0.5803430333923308	33.264033264033266	0.15339733918162207	9.742971541740216	0.3615454561331055	23.18181818181818	0.30701369944434626	24.42988427501702	0.4299849293633148	33.35909424630009	0.21876137840749613	13.550216385614085	0.37351963752346096	18.429003021148034	0.37789260523866386	26.04681299100996	0.3970947085748561	28.56970282676975	0.30233308313790336	17.854463615903978	0.8401509448042456	32.45283018867924	0.3767417443666972	27.73430043901508	2.2189619235210314	88.22812473732874	2.357704160240591	92.7044071637967	2.3095671109496325	91.11144491936255
NEXN	0.5792307691404639	26.09147609147609	0.23780815441971506	12.7136522150945	0.518090905697847	25.90909090909091	0.5239742168961087	34.5643294758339	0.5605745967966991	37.83762896557054	0.21678853891300695	12.266825846888525	0.4029607262766253	16.61631419939577	0.3574333844758161	21.14683728841014	0.3118434404105121	19.280019328340178	0.7909407350330405	40.63015753938485	0.989226414614691	33.58490566037736	1.263023477524809	66.27218934911244	2.7663936309473063	90.63209212406488	2.803854854070056	92.33734880398097	3.065236043422745	94.44345819279248
TNNT1	0.4297297300302313	15.904365904365905	0.2963861023580013	16.549705084599818	0.4297272738069296	24.09090909090909	0.1656262765072224	11.398059904697073	0.19529386762963047	10.506588353491248	0.29930159711754156	16.057304879868674	0.39157099837262827	14.04833836858006	0.38059447622396586	22.37790556410464	0.38525972473582487	20.548441652573086	0.48884921160352607	23.15078769692423	0.634283022723108	22.264150943396228	0.21502385925381415	12.330597442259974	1.8926082232929757	52.113978313860635	3.6668833347726504	96.35281945162959	0.7166722203881124	23.504349369785192
ATP2A2	0.3714656959677003	20.79002079002079	0.3483557926467086	24.13570413742627	0.3687272729182785	24.09090909090909	0.31913376433525675	26.093430905377808	0.40285057345204917	33.594806599945905	0.3906237871953577	25.07088494254589	0.4902265873031404	29.758308157099698	0.4578926052333657	32.339839637158825	0.5866175407132458	42.039139888862046	0.5737029265215521	35.81395348837209	0.5970377335008585	26.79245283018868	0.5710669970966479	39.01507921359038	1.2254555762833195	55.41733210052955	2.1162239789545527	86.76619121523416	0.5012661648389246	29.011730325417528
TPM3	0.3694906441374777	18.3991683991684	1.298202092033764	64.48960261764326	0.6292727282101458	35.90909090909091	0.7323042879537587	49.94043567052417	0.8811870620408667	59.49225240542525	1.407383971262338	66.24384420235786	1.847824765813855	83.68580060422961	0.8010601758022494	49.99595043330364	1.570744141385249	74.17250543609568	0.7283765944323187	42.43060765191298	0.7267169785387111	32.075471698113205	0.5756155745618544	39.14869249856843	1.4232503995024568	56.09397327057242	2.564592171491363	89.920675978617	0.5577179804755852	28.289338923104236
USP54	0.255748440199793	16.112266112266113	0.11870926072027992	7.413785680458088	0.2138636374507438	13.18181818181818	0.10752935672066015	8.0071477195371	0.12808300147113838	9.501912747787781	0.08307416804513991	5.700641695269363	0.16672205474801655	8.459214501510575	0.19649388509178495	13.290677897464972	0.14364218386621413	10.32858178303938	0.15056414085944075	8.97224306076519	0.5870188670338324	28.49056603773585	0.08108035908056639	5.382706623401413	1.1422757834591886	55.64007733041944	1.8164224121680137	81.74931638459833	0.9146664566402193	51.89883789209193
TNNT3	0.20291060325447585	8.93970893970894	0.33888879313127684	17.99199207818487	0.493499996851791	23.18181818181818	0.48084836601052394	31.888189244383934	0.3479941265164586	24.630008887514972	0.19897328750568793	11.78928518131622	0.260226585623721	13.595166163141995	0.2908876648145129	18.27164493399206	0.2309954097183067	13.856003865668034	0.43357989482011505	24.051012753188296	0.582528303929095	20.566037735849058	0.23588280192938815	14.487497614048483	2.1522858738222093	60.72119021602085	0.20815928855404456	11.242086073953637	2.963245166483038	81.60837919403515
SVIL	0.6882328484613999	36.278586278586275	0.2986287510619719	18.271838808283462	0.5564545445821502	30.454545454545457	0.3915831343403341	28.45047651463581	0.4247308624984262	29.653386916032304	0.3251947466400226	19.28070437248172	0.42145015056219703	18.882175226586103	0.3844002588798633	23.900542641937314	0.33317830353546873	21.720222275912057	0.34555138755095066	18.51462865716429	0.9682830232494283	37.16981132075471	0.8026818089620186	47.757205573582745	2.5418588721887816	89.51416323442885	2.7689496963949454	95.85026975094229	2.9722302663169824	94.86678774802333
MYH1	0.24965696481372116	9.875259875259875	0.18427046135169944	8.404012571576184	0.5610000012273139	21.363636363636363	0.11841218521719617	7.1519741320626276	0.12067815595983346	5.99714053866069	0.16099089719749818	9.192657812266827	0.15740181384129825	6.495468277945619	0.22787073812277547	11.541265084635945	0.20939719798972667	12.321816863976807	0.32784396103273766	14.103525881470366	0.3956603787417682	13.962264150943396	0.15059553353479627	7.310555449513266	1.626299068789982	49.991594519626794	0.17380053216006294	9.135811593131821	2.510952083049224	70.50348905488264
NEAT1	4.168908533212301	96.88149688149689	1.8472148785994318	77.91363499375727	2.484454545378685	85.9090909090909	1.804965112512073	78.91848196051737	1.7349592335317046	76.82290660381004	1.53757648062394	63.55767795851366	1.6185800602879048	70.2416918429003	1.6015914800895403	70.86741718636105	3.437274707944564	95.78400579850206	1.8569767455168666	73.32333083270818	1.4829433944427741	48.490566037735846	1.2117675125113958	56.0412292422218	4.063740861606824	95.81827351433134	4.3255358098392644	98.31621215480502	4.553254586865852	98.94850400797498
